{
  "graspable_objects": [
    {
      "fixed_offset_from_task_boundary_root_xyz_m": [
        -0.011649,
        0.203716,
        0.043402
      ],
      "fixed_orientation_from_task_boundary_root_rpy_rad": [
        -0.005894,
        0.001457,
        -0.246345
      ],
      "name": "pepper0",
      "world_pose_after_reset": {
        "kind": "exact",
        "orientation_rpy_rad": [
          -0.006058,
          0.000412,
          -0.071972
        ],
        "position_xyz_m": [
          0.099358,
          0.194914,
          0.795401
        ],
        "quaternion_xyzw": [
          -0.003034,
          9.7e-05,
          -0.035979,
          0.999348
        ],
        "source": "exact_after_one_rlbench_reset"
      },
      "world_position_distribution": {
        "x_uniform_max_m": 0.472884,
        "x_uniform_min_m": -0.079825,
        "y_uniform_max_m": 0.252606,
        "y_uniform_min_m": 0.036636,
        "z_fixed_m": 0.795401
      }
    },
    {
      "fixed_offset_from_task_boundary_root_xyz_m": [
        -0.007359,
        0.35687,
        0.043415
      ],
      "fixed_orientation_from_task_boundary_root_rpy_rad": [
        0.000625,
        -0.006715,
        -3.055782
      ],
      "name": "pepper1",
      "world_pose_after_reset": {
        "kind": "exact",
        "orientation_rpy_rad": [
          0.001781,
          -0.006505,
          -2.881403
        ],
        "position_xyz_m": [
          0.077012,
          0.34649,
          0.795415
        ],
        "quaternion_xyzw": [
          -0.00334,
          -0.000461,
          0.991544,
          -0.129725
        ],
        "source": "exact_after_one_rlbench_reset"
      },
      "world_position_distribution": {
        "x_uniform_max_m": 0.584215,
        "x_uniform_min_m": -0.185087,
        "y_uniform_max_m": 0.405504,
        "y_uniform_min_m": 0.147966,
        "z_fixed_m": 0.795415
      }
    },
    {
      "fixed_offset_from_task_boundary_root_xyz_m": [
        0.087471,
        0.051623,
        0.043405
      ],
      "fixed_orientation_from_task_boundary_root_rpy_rad": [
        -0.005539,
        0.002479,
        -0.424998
      ],
      "name": "pepper2",
      "world_pose_after_reset": {
        "kind": "exact",
        "orientation_rpy_rad": [
          -0.005885,
          0.00148,
          -0.250624
        ],
        "position_xyz_m": [
          0.223363,
          0.062324,
          0.795405
        ],
        "quaternion_xyzw": [
          -0.003012,
          0.000367,
          -0.124986,
          0.992154
        ],
        "source": "exact_after_one_rlbench_reset"
      },
      "world_position_distribution": {
        "x_uniform_max_m": 0.438641,
        "x_uniform_min_m": 0.09781,
        "y_uniform_max_m": 0.146913,
        "y_uniform_min_m": -0.124525,
        "z_fixed_m": 0.795405
      }
    }
  ],
  "other_scene_objects": [
    {
      "fixed_offset_from_reference_local_xyz_m": [
        0.032238,
        -0.235182,
        0.056994
      ],
      "fixed_offset_from_reference_xyz_m": [
        -0.027013,
        -0.23549,
        0.058421
      ],
      "fixed_orientation_from_reference_rpy_rad": [
        0.006069,
        2.6e-05,
        0.075939
      ],
      "has_separate_distribution": false,
      "name": "scales_body",
      "reference_graspable_object": "pepper2",
      "world_pose_after_reset": {
        "kind": "exact",
        "orientation_rpy_rad": [
          0.0,
          0.0,
          -0.17469
        ],
        "position_xyz_m": [
          0.19635,
          -0.173166,
          0.853826
        ],
        "quaternion_xyzw": [
          0.0,
          0.0,
          -0.087234,
          0.996188
        ],
        "source": "exact_after_one_rlbench_reset"
      },
      "world_position_range_due_to_task_root_sampling": {
        "x_uniform_max_m": 0.475398,
        "x_uniform_min_m": -0.037562,
        "y_uniform_max_m": -0.061466,
        "y_uniform_min_m": -0.275922,
        "z_fixed_m": 0.853826
      }
    },
    {
      "fixed_offset_from_reference_local_xyz_m": [
        0.012203,
        -0.000499,
        -0.043406
      ],
      "fixed_offset_from_reference_xyz_m": [
        0.012117,
        -0.001638,
        -0.043402
      ],
      "fixed_orientation_from_reference_rpy_rad": [
        0.006072,
        2.5e-05,
        0.246375
      ],
      "has_separate_distribution": false,
      "name": "peppers_boundary",
      "reference_graspable_object": "pepper0",
      "world_pose_after_reset": {
        "kind": "exact",
        "orientation_rpy_rad": [
          -0.0,
          0.0,
          0.174402
        ],
        "position_xyz_m": [
          0.111475,
          0.193275,
          0.752
        ],
        "quaternion_xyzw": [
          0.0,
          0.0,
          0.08709,
          0.9962
        ],
        "source": "exact_after_one_rlbench_reset"
      },
      "world_position_range_due_to_task_root_sampling": {
        "x_uniform_max_m": 0.478494,
        "x_uniform_min_m": -0.06896,
        "y_uniform_max_m": 0.248558,
        "y_uniform_min_m": 0.042245,
        "z_fixed_m": 0.752
      }
    },
    {
      "fixed_offset_from_reference_local_xyz_m": [
        0.075124,
        -0.256423,
        -0.036965
      ],
      "fixed_offset_from_reference_xyz_m": [
        0.009127,
        -0.267256,
        -0.035406
      ],
      "fixed_orientation_from_reference_rpy_rad": [
        0.006075,
        -0.0,
        0.075939
      ],
      "has_separate_distribution": false,
      "name": "SpringDamper",
      "reference_graspable_object": "pepper2",
      "world_pose_after_reset": {
        "kind": "exact",
        "orientation_rpy_rad": [
          -0.0,
          -2.7e-05,
          -0.17469
        ],
        "position_xyz_m": [
          0.23249,
          -0.204932,
          0.759999
        ],
        "quaternion_xyzw": [
          1e-06,
          -1.3e-05,
          -0.087234,
          0.996188
        ],
        "source": "exact_after_one_rlbench_reset"
      },
      "world_position_range_due_to_task_root_sampling": {
        "x_uniform_max_m": 0.523223,
        "x_uniform_min_m": -0.042846,
        "y_uniform_max_m": -0.06675,
        "y_uniform_min_m": -0.318146,
        "z_fixed_m": 0.759999
      }
    },
    {
      "fixed_offset_from_reference_local_xyz_m": [
        -0.014554,
        -0.26382,
        0.057531
      ],
      "fixed_offset_from_reference_xyz_m": [
        -0.079443,
        -0.251624,
        0.05913
      ],
      "fixed_orientation_from_reference_rpy_rad": [
        3.094936,
        -0.521205,
        3.034548
      ],
      "has_separate_distribution": false,
      "name": "scales_meter",
      "reference_graspable_object": "pepper2",
      "world_pose_after_reset": {
        "kind": "exact",
        "orientation_rpy_rad": [
          -3.050382,
          -0.516319,
          -2.959845
        ],
        "position_xyz_m": [
          0.143919,
          -0.1893,
          0.854535
        ],
        "quaternion_xyzw": [
          0.076059,
          0.962927,
          0.020753,
          -0.257984
        ],
        "source": "exact_after_one_rlbench_reset"
      },
      "world_position_range_due_to_task_root_sampling": {
        "x_uniform_max_m": 0.44171,
        "x_uniform_min_m": -0.080857,
        "y_uniform_max_m": -0.05608,
        "y_uniform_min_m": -0.284798,
        "z_fixed_m": 0.854535
      }
    },
    {
      "fixed_offset_from_reference_local_xyz_m": [
        -0.026299,
        -0.264778,
        0.067417
      ],
      "fixed_offset_from_reference_xyz_m": [
        -0.091044,
        -0.249581,
        0.069022
      ],
      "fixed_orientation_from_reference_rpy_rad": [
        -2.237752,
        -0.409357,
        -2.79396
      ],
      "has_separate_distribution": false,
      "name": "scales_meter_pivot",
      "reference_graspable_object": "pepper2",
      "world_pose_after_reset": {
        "kind": "exact",